{
  "numeric_cols": [
    "area",
    "bedroom",
    "wc"
  ],
  "mean": [
    88.65824480992181,
    2.8819088703154487,
    2.6770018873011594
  ],
  "scale": [
    56.17072284227621,
    1.8030766735643078,
    1.7615350499690001
  ]
}