{
  "numeric_cols": [
    "area",
    "bedroom",
    "wc"
  ],
  "mean": [
    89.21805399361023,
    2.8405750798722043,
    2.6507987220447284
  ],
  "scale": [
    56.07919297933395,
    1.7936208371954756,
    1.7547127781856722
  ]
}