{
  "location": 2.385146881983839,
  "home_type": 2.385146881983839,
  "legal_status": 2.385146881983839,
  "furniture": 2.385146881983839,
  "published_month": 2.385146881983839
}