{
  "location": {
    "Ba Vì, Hà Nội": 1.9806076969475177,
    "Ba Đình, Hà Nội": 2.890298341344419,
    "Bắc Từ Liêm, Hà Nội": 2.3226074772365983,
    "Chương Mỹ, Hà Nội": 1.3081027895468065,
    "Cầu Giấy, Hà Nội": 2.7927749856647037,
    "Gia Lâm, Hà Nội": 1.9601398368921508,
    "Hai Bà Trưng, Hà Nội": 2.441645173453901,
    "Hoài Đức, Hà Nội": 2.3744760271855982,
    "Hoàn Kiếm, Hà Nội": 3.37953531229829,
    "Hoàng Mai, Hà Nội": 2.3754409572932844,
    "Hà Đông, Hà Nội": 2.5568662849701544,
    "Long Biên, Hà Nội": 2.5231182748260923,
    "Mê Linh, Hà Nội": 2.117373742712033,
    "Mỹ Đức, Hà Nội": 0.02415748067080113,
    "Nam Từ Liêm, Hà Nội": 2.287982424976704,
    "Phú Xuyên, Hà Nội": 1.06094615134504,
    "Phúc Thọ, Hà Nội": 1.0698566702634755,
    "Quốc Oai, Hà Nội": 1.6622659647061369,
    "Sóc Sơn, Hà Nội": 0.8110938273961801,
    "Sơn Tây, Hà Nội": 1.0582444474813755,
    "Thanh Oai, Hà Nội": 1.9144367637220567,
    "Thanh Trì, Hà Nội": 2.0062365270083875,
    "Thanh Xuân, Hà Nội": 2.524064123633665,
    "Thường Tín, Hà Nội": 1.983944447878899,
    "Thạch Thất, Hà Nội": 1.6298777715301496,
    "Tây Hồ, Hà Nội": 2.954572206154442,
    "Đan Phượng, Hà Nội": 2.77402763108571,
    "Đông Anh, Hà Nội": 2.2306079963551277,
    "Đống Đa, Hà Nội": 2.6053578376902475,
    "Ứng Hòa, Hà Nội": 1.065044053960899
  },
  "home_type": {
    "chung cư mini, căn hộ dịch vụ": 0.37097510520354976,
    "condotel": 1.455999402360204,
    "căn hộ chung cư": 2.0317797003802105,
    "kho, nhà xưởng": 2.553534267275787,
    "loại bất động sản khác": 3.02447821254094,
    "nhà biệt thự, liền kề": 3.173208788643091,
    "nhà mặt phố": 3.4851709268345434,
    "nhà riêng": 2.4069366087754838,
    "shophouse, nhà phố thương mại": 2.6750468897068957,
    "trang trại, khu nghỉ dưỡng": 2.046328482053973,
    "đất": 1.770584166459063,
    "đất nền dự án": 2.406607269792072
  },
  "legal_status": {
    "có sổ đỏ/sổ hồng": 2.401091977490194,
    "không có - Thiếu": 2.3274811383531855
  },
  "furniture": {
    "Cao cấp": 3.0,
    "Đầy đủ": 2.0,
    "Cơ bản": 1.0,
    "Không có - Thiếu": 0.0
  },
  "published_month": {
    "2025-09": 2.41654836378069,
    "2025-10": 2.3818058264798263
  }
}